antonin:Antonin Descampe
antonin@gmail.com:Antonin Descampe
ben.boeckel@kitware.com:Ben Boeckel
descampe:Antonin Descampe
devaux:François-Olivier Devaux
elangovan:Parvatha Elangovan
fodevaux:François-Olivier Devaux
freeimage:
gdcm:Mathieu Malaterre
julien.malik@c-s.fr:Julien Malik
Kaori.Hagihara@gmail.com:Kaori Hagihara
lugan
luis.ibanez:Luis Ibáñez
mathieu.malaterre:Mathieu Malaterre
mathieu.malaterre@gmail.com:Mathieu Malaterre
rdieter:Rex Dieter 
savmickael:Mickaël Savinaud
savmickael@gmail.com:Mickaël Savinaud
szukw000@arcor.de:Winfried Szukalski
unipg
vincent.torri@gmail.com:Vincent Torri
yannick
